{
    "Arecanut": {
        "model": "CatBoost",
        "params": {
            "depth": 9,
            "iterations": 473,
            "learning_rate": 0.04108536394132455
        },
        "metrics": {
            "R\u00b2": 0.7662696700815499,
            "MSE": 1.3084136625602127,
            "RMSE": 1.1438591095760933,
            "MAE": 0.5743895302021532
        }
    },
    "Arhar/Tur": {
        "model": "MLP",
        "params": {
            "alpha": 0.015925169151603524,
            "hidden_layer_sizes": 191,
            "learning_rate_init": 0.01719711068521648
        },
        "metrics": {
            "R\u00b2": 0.8437493007394369,
            "MSE": 0.016006594428229614,
            "RMSE": 0.1265171704877627,
            "MAE": 0.09007628610619373
        }
    },
    "Castor seed": {
        "model": "Gradient Boosting",
        "params": {
            "learning_rate": 0.1915408173988864,
            "n_estimators": 365
        },
        "metrics": {
            "R\u00b2": 0.8990392164148084,
            "MSE": 0.020483743394180683,
            "RMSE": 0.14312142884341494,
            "MAE": 0.1008177729145155
        }
    },
    "Coconut": {
        "model": "MLP",
        "params": {
            "alpha": 0.1,
            "hidden_layer_sizes": 200,
            "learning_rate_init": 0.1
        },
        "metrics": {
            "R\u00b2": 0.8436171567665062,
            "MSE": 1884503.5208397112,
            "RMSE": 1372.7722028216158,
            "MAE": 1002.183824557953
        }
    },
    "Cotton(lint)": {
        "model": "MLP",
        "params": {
            "alpha": 0.1,
            "hidden_layer_sizes": 166,
            "learning_rate_init": 0.001
        },
        "metrics": {
            "R\u00b2": 0.738665864624719,
            "MSE": 0.2908496527926702,
            "RMSE": 0.539304786547153,
            "MAE": 0.3658163021710824
        }
    },
    "Dry chillies": {
        "model": "MLP",
        "params": {
            "alpha": 0.027364528220782454,
            "hidden_layer_sizes": 76,
            "learning_rate_init": 0.06020666067370068
        },
        "metrics": {
            "R\u00b2": 0.5273952912953519,
            "MSE": 2.6224438556480982,
            "RMSE": 1.6193961391976017,
            "MAE": 0.8858362320862686
        }
    },
    "Gram": {
        "model": "SVM",
        "params": {
            "C": 3.031524915319165,
            "epsilon": 0.08508508174631915,
            "kernel": "rbf"
        },
        "metrics": {
            "R\u00b2": 0.5819179654544153,
            "MSE": 0.040915910636728454,
            "RMSE": 0.2022768168543505,
            "MAE": 0.13931972424026576
        }
    },
    "Jute": {
        "model": "MLP",
        "params": {
            "alpha": 0.004864367582340843,
            "hidden_layer_sizes": 50,
            "learning_rate_init": 0.001
        },
        "metrics": {
            "R\u00b2": 0.886474381276129,
            "MSE": 2.726820687763176,
            "RMSE": 1.6513087802598205,
            "MAE": 1.1819391926450369
        }
    },
    "Linseed": {
        "model": "MLP",
        "params": {
            "alpha": 0.0021602177830877733,
            "hidden_layer_sizes": 188,
            "learning_rate_init": 0.011381056696717656
        },
        "metrics": {
            "R\u00b2": 0.8520964342213622,
            "MSE": 0.006556826221937087,
            "RMSE": 0.08097423183912945,
            "MAE": 0.05885284413059282
        }
    },
    "Maize": {
        "model": "CatBoost",
        "params": {
            "depth": 8,
            "iterations": 463,
            "learning_rate": 0.029923240125013684
        },
        "metrics": {
            "R\u00b2": 0.5115769550524105,
            "MSE": 1.7986340239418845,
            "RMSE": 1.3411316206628954,
            "MAE": 0.558282707510762
        }
    },
    "Mesta": {
        "model": "SVM",
        "params": {
            "C": 1000.0,
            "epsilon": 0.1,
            "kernel": "linear"
        },
        "metrics": {
            "R\u00b2": 0.8777300624573177,
            "MSE": 1.1957046054668323,
            "RMSE": 1.0934827870007064,
            "MAE": 0.6657903178207223
        }
    },
    "Onion": {
        "model": "SVM",
        "params": {
            "C": 38.88387080207161,
            "epsilon": 0.1,
            "kernel": "rbf"
        },
        "metrics": {
            "R\u00b2": 0.8896311952658026,
            "MSE": 7.141356663069081,
            "RMSE": 2.6723316903163576,
            "MAE": 1.9210536950466168
        }
    },
    "Other  Rabi pulses": {
        "model": "Gradient Boosting",
        "params": {
            "learning_rate": 0.19007778316374024,
            "n_estimators": 145
        },
        "metrics": {
            "R\u00b2": 0.8060979675017834,
            "MSE": 0.043718777525276316,
            "RMSE": 0.20909035732256118,
            "MAE": 0.14319563469544358
        }
    },
    "Potato": {
        "model": "SVM",
        "params": {
            "C": 46.99719722303751,
            "epsilon": 0.01,
            "kernel": "rbf"
        },
        "metrics": {
            "R\u00b2": 0.8526434118288415,
            "MSE": 5.653125530998349,
            "RMSE": 2.3776302342875666,
            "MAE": 1.6465956472125658
        }
    },
    "Rapeseed &Mustard": {
        "model": "MLP",
        "params": {
            "alpha": 0.004267850550142993,
            "hidden_layer_sizes": 188,
            "learning_rate_init": 0.05015020365607496
        },
        "metrics": {
            "R\u00b2": 0.915447496061165,
            "MSE": 0.023975935162621934,
            "RMSE": 0.15484164544017845,
            "MAE": 0.10658394614241737
        }
    },
    "Rice": {
        "model": "MLP",
        "params": {
            "alpha": 0.08060776211584167,
            "hidden_layer_sizes": 51,
            "learning_rate_init": 0.02177873404701647
        },
        "metrics": {
            "R\u00b2": 0.8851875214513366,
            "MSE": 0.062351985113776966,
            "RMSE": 0.24970379475245658,
            "MAE": 0.18500412294493176
        }
    },
    "Small millets": {
        "model": "MLP",
        "params": {
            "alpha": 0.015925169151603524,
            "hidden_layer_sizes": 191,
            "learning_rate_init": 0.01719711068521648
        },
        "metrics": {
            "R\u00b2": 0.7954910743040965,
            "MSE": 0.01895101717761877,
            "RMSE": 0.13766269348526772,
            "MAE": 0.09053700397384011
        }
    },
    "Sweet potato": {
        "model": "CatBoost",
        "params": {
            "depth": 8,
            "iterations": 464,
            "learning_rate": 0.10432867368337617
        },
        "metrics": {
            "R\u00b2": 0.7168639135008734,
            "MSE": 7.13588868351743,
            "RMSE": 2.671308421638623,
            "MAE": 1.8128417898267641
        }
    },
    "Tapioca": {
        "model": "Random Forest",
        "params": {
            "max_depth": 48,
            "min_samples_split": 8,
            "n_estimators": 442
        },
        "metrics": {
            "R\u00b2": 0.946881444123221,
            "MSE": 6.8499750908488135,
            "RMSE": 2.617245707007428,
            "MAE": 1.8902885614051321
        }
    },
    "Tobacco": {
        "model": "MLP",
        "params": {
            "alpha": 0.0001418349126966657,
            "hidden_layer_sizes": 95,
            "learning_rate_init": 0.001
        },
        "metrics": {
            "R\u00b2": 0.8546640034832885,
            "MSE": 0.42558587794701075,
            "RMSE": 0.6523694336394147,
            "MAE": 0.41513699527760084
        }
    },
    "Turmeric": {
        "model": "MLP",
        "params": {
            "alpha": 0.0009983376401900513,
            "hidden_layer_sizes": 191,
            "learning_rate_init": 0.001
        },
        "metrics": {
            "R\u00b2": 0.6346180053764578,